,fed_funds_rate,treasury_10y,yield_curve_10y2y,cpi_yoy,unemployment_rate,consumer_sentiment,baa_spread
2021-02-01,0.08,,,263.573,6.2,76.8,
2021-02-15,,,,,,,
2021-02-16,,1.3,1.17,,,,2.15
2021-02-17,,1.29,1.18,,,,2.13
2021-02-18,,1.29,1.18,,,,2.13
2021-02-19,,1.34,1.23,,,,2.14
2021-02-22,,1.37,1.26,,,,2.16
2021-02-23,,1.37,1.26,,,,2.2
2021-02-24,,1.38,1.26,,,,2.22
2021-02-25,,1.54,1.37,,,,2.12
2021-02-26,,1.44,1.3,,,,2.12
2021-03-01,0.07,1.45,1.32,264.847,6.1,84.9,2.13
2021-03-02,,1.42,1.29,,,,2.15
2021-03-03,,1.47,1.33,,,,2.14
2021-03-04,,1.54,1.4,,,,2.13
2021-03-05,,1.56,1.42,,,,2.13
2021-03-08,,1.59,1.42,,,,2.14
2021-03-09,,1.55,1.38,,,,2.16
2021-03-10,,1.53,1.37,,,,2.17
2021-03-11,,1.54,1.4,,,,2.18
2021-03-12,,1.64,1.5,,,,2.19
2021-03-15,,1.62,1.48,,,,2.18
2021-03-16,,1.62,1.47,,,,2.19
2021-03-17,,1.63,1.5,,,,2.23
2021-03-18,,1.71,1.55,,,,2.17
2021-03-19,,1.74,1.58,,,,2.1
2021-03-22,,1.69,1.54,,,,2.08
2021-03-23,,1.63,1.48,,,,2.11
2021-03-24,,1.62,1.48,,,,2.1
2021-03-25,,1.63,1.49,,,,2.11
2021-03-26,,1.67,1.53,,,,2.09
2021-03-29,,1.73,1.59,,,,2.08
2021-03-30,,1.73,1.57,,,,2.04
2021-03-31,,1.74,1.58,,,,2.03
2021-04-01,0.07,1.69,1.52,266.625,6.1,88.3,1.98
2021-04-02,,1.72,1.53,,,,
2021-04-05,,1.73,1.56,,,,1.93
2021-04-06,,1.67,1.51,,,,1.95
2021-04-07,,1.68,1.52,,,,1.96
2021-04-08,,1.64,1.5,,,,1.98
2021-04-09,,1.67,1.51,,,,1.96
2021-04-12,,1.69,1.51,,,,1.95
2021-04-13,,1.64,1.48,,,,1.97
2021-04-14,,1.64,1.48,,,,1.98
2021-04-15,,1.56,1.4,,,,1.95
2021-04-16,,1.59,1.43,,,,1.97
2021-04-19,,1.61,1.45,,,,1.99
2021-04-20,,1.58,1.43,,,,2.0
2021-04-21,,1.57,1.42,,,,2.01
2021-04-22,,1.57,1.41,,,,1.99
2021-04-23,,1.58,1.42,,,,1.99
2021-04-26,,1.58,1.4,,,,1.98
2021-04-27,,1.63,1.46,,,,1.97
2021-04-28,,1.63,1.46,,,,1.98
2021-04-29,,1.65,1.49,,,,1.97
2021-04-30,,1.65,1.49,,,,1.96
2021-05-01,0.06,,,268.404,5.8,82.9,
2021-05-03,,1.63,1.47,,,,1.96
2021-05-04,,1.61,1.45,,,,1.97
2021-05-05,,1.59,1.43,,,,1.98
2021-05-06,,1.58,1.42,,,,1.96
2021-05-07,,1.6,1.46,,,,1.97
2021-05-10,,1.63,1.47,,,,1.98
2021-05-11,,1.64,1.48,,,,2.01
2021-05-12,,1.69,1.53,,,,2.02
2021-05-13,,1.66,1.5,,,,2.04
2021-05-14,,1.63,1.47,,,,2.03
2021-05-17,,1.64,1.48,,,,2.02
2021-05-18,,1.64,1.48,,,,2.03
2021-05-19,,1.68,1.52,,,,2.02
2021-05-20,,1.63,1.48,,,,2.02
2021-05-21,,1.63,1.46,,,,2.01
2021-05-24,,1.61,1.46,,,,2.0
2021-05-25,,1.56,1.41,,,,2.01
2021-05-26,,1.58,1.44,,,,1.98
2021-05-27,,1.61,1.47,,,,1.98
2021-05-28,,1.58,1.44,,,,1.99
2021-05-31,,,,,,,
2021-06-01,0.08,1.62,1.46,270.71,5.9,85.5,1.97
2021-06-02,,1.59,1.46,,,,1.98
2021-06-03,,1.63,1.47,,,,1.96
2021-06-04,,1.56,1.42,,,,1.98
2021-06-07,,1.57,1.41,,,,1.98
2021-06-08,,1.53,1.39,,,,1.98
2021-06-09,,1.5,1.34,,,,1.96
2021-06-10,,1.45,1.31,,,,2.0
2021-06-11,,1.47,1.31,,,,1.97
2021-06-14,,1.51,1.35,,,,1.96
2021-06-15,,1.51,1.35,,,,1.96
2021-06-16,,1.57,1.36,,,,1.91
2021-06-17,,1.52,1.29,,,,1.84
2021-06-18,,1.45,1.19,,,,1.85
2021-06-21,,1.5,1.23,,,,1.88
2021-06-22,,1.48,1.23,,,,1.9
2021-06-23,,1.5,1.24,,,,1.89
2021-06-24,,1.49,1.23,,,,1.88
2021-06-25,,1.54,1.26,,,,1.9
2021-06-28,,1.49,1.24,,,,1.88
2021-06-29,,1.49,1.22,,,,1.87
2021-06-30,,1.45,1.2,,,,1.87
2021-07-01,0.1,1.48,1.23,271.965,5.4,81.2,1.86
2021-07-02,,1.44,1.2,,,,1.87
2021-07-05,,,,,,,
2021-07-06,,1.37,1.15,,,,1.9
2021-07-07,,1.33,1.11,,,,1.89
2021-07-08,,1.3,1.11,,,,1.91
2021-07-09,,1.37,1.14,,,,1.91
2021-07-12,,1.38,1.15,,,,1.91
2021-07-13,,1.42,1.16,,,,1.91
2021-07-14,,1.37,1.14,,,,1.91
2021-07-15,,1.31,1.08,,,,1.92
2021-07-16,,1.31,1.06,,,,1.93
2021-07-19,,1.19,0.98,,,,1.97
2021-07-20,,1.23,1.03,,,,1.98
2021-07-21,,1.3,1.08,,,,1.96
2021-07-22,,1.27,1.07,,,,1.95
2021-07-23,,1.3,1.08,,,,1.93
2021-07-26,,1.29,1.07,,,,1.94
2021-07-27,,1.25,1.05,,,,1.95
2021-07-28,,1.26,1.06,,,,1.96
2021-07-29,,1.28,1.08,,,,1.94
2021-07-30,,1.24,1.05,,,,1.95
2021-08-01,0.09,,,272.752,5.1,70.3,
2021-08-02,,1.2,1.03,,,,1.95
2021-08-03,,1.19,1.02,,,,1.97
2021-08-04,,1.19,1.02,,,,1.96
2021-08-05,,1.23,1.02,,,,1.95
2021-08-06,,1.31,1.1,,,,1.94
2021-08-09,,1.33,1.1,,,,1.95
2021-08-10,,1.36,1.12,,,,1.95
2021-08-11,,1.35,1.12,,,,1.99
2021-08-12,,1.36,1.13,,,,1.99
2021-08-13,,1.29,1.06,,,,1.98
2021-08-16,,1.26,1.05,,,,1.97
2021-08-17,,1.26,1.03,,,,1.98
2021-08-18,,1.27,1.04,,,,1.97
2021-08-19,,1.24,1.02,,,,1.98
2021-08-20,,1.26,1.03,,,,1.96
2021-08-23,,1.25,1.02,,,,1.97
2021-08-24,,1.29,1.05,,,,1.95
2021-08-25,,1.35,1.12,,,,1.93
2021-08-26,,1.34,1.09,,,,1.92
2021-08-27,,1.31,1.09,,,,1.92
2021-08-30,,1.29,1.09,,,,1.92
2021-08-31,,1.3,1.1,,,,1.94
2021-09-01,0.08,1.31,1.11,273.942,4.7,72.8,1.92
2021-09-02,,1.29,1.09,,,,1.92
2021-09-03,,1.33,1.12,,,,1.91
2021-09-06,,,,,,,
2021-09-07,,1.38,1.16,,,,1.91
2021-09-08,,1.35,1.13,,,,1.91
2021-09-09,,1.3,1.07,,,,1.9
2021-09-10,,1.35,1.12,,,,1.88
2021-09-13,,1.33,1.12,,,,1.87
2021-09-14,,1.28,1.07,,,,1.87
2021-09-15,,1.31,1.1,,,,1.85
2021-09-16,,1.34,1.11,,,,1.84
2021-09-17,,1.37,1.14,,,,1.83
2021-09-20,,1.31,1.08,,,,1.84
2021-09-21,,1.33,1.11,,,,1.83
2021-09-22,,1.32,1.07,,,,1.83
2021-09-23,,1.41,1.14,,,,1.81
2021-09-24,,1.47,1.18,,,,1.8
2021-09-27,,1.48,1.17,,,,1.78
2021-09-28,,1.54,1.23,,,,1.8
2021-09-29,,1.55,1.25,,,,1.81
2021-09-30,,1.52,1.24,,,,1.85
2021-10-01,0.08,1.48,1.21,276.528,4.5,71.7,1.85
2021-10-04,,1.49,1.22,,,,1.85
2021-10-05,,1.54,1.26,,,,1.84
2021-10-06,,1.53,1.23,,,,1.84
2021-10-07,,1.58,1.26,,,,1.85
2021-10-08,,1.61,1.29,,,,1.84
2021-10-11,,,,,,,
2021-10-12,,1.59,1.24,,,,1.82
2021-10-13,,1.56,1.19,,,,1.79
2021-10-14,,1.52,1.16,,,,1.81
2021-10-15,,1.59,1.18,,,,1.76
2021-10-18,,1.59,1.15,,,,1.72
2021-10-19,,1.65,1.24,,,,1.72
2021-10-20,,1.65,1.25,,,,1.75
2021-10-21,,1.68,1.23,,,,1.74
2021-10-22,,1.66,1.18,,,,1.72
2021-10-25,,1.64,1.17,,,,1.73
2021-10-26,,1.63,1.16,,,,1.71
2021-10-27,,1.54,1.04,,,,1.69
2021-10-28,,1.57,1.07,,,,1.69
2021-10-29,,1.55,1.07,,,,1.69
2021-11-01,0.08,1.58,1.08,278.824,4.1,67.4,1.69
2021-11-02,,1.56,1.1,,,,1.71
2021-11-03,,1.6,1.13,,,,1.7
2021-11-04,,1.53,1.12,,,,1.73
2021-11-05,,1.45,1.06,,,,1.73
2021-11-08,,1.51,1.06,,,,1.67
2021-11-09,,1.46,1.05,,,,1.67
2021-11-10,,1.56,1.05,,,,1.66
2021-11-11,,,,,,,
2021-11-12,,1.58,1.05,,,,1.69
2021-11-15,,1.63,1.1,,,,1.7
2021-11-16,,1.63,1.09,,,,1.72
2021-11-17,,1.6,1.08,,,,1.74
2021-11-18,,1.59,1.07,,,,1.73
2021-11-19,,1.54,1.02,,,,1.73
2021-11-22,,1.63,1.0,,,,1.71
2021-11-23,,1.67,1.07,,,,1.73
2021-11-24,,1.64,1.0,,,,1.72
2021-11-25,,,,,,,
2021-11-26,,1.48,0.98,,,,1.82
2021-11-29,,1.52,1.01,,,,1.81
2021-11-30,,1.43,0.91,,,,1.81
2021-12-01,0.08,1.43,0.87,280.806,3.9,70.6,1.81
2021-12-02,,1.44,0.81,,,,1.8
2021-12-03,,1.35,0.75,,,,1.81
2021-12-06,,1.43,0.78,,,,1.79
2021-12-07,,1.48,0.78,,,,1.75
2021-12-08,,1.52,0.84,,,,1.79
2021-12-09,,1.49,0.79,,,,1.81
2021-12-10,,1.48,0.81,,,,1.83
2021-12-13,,1.42,0.76,,,,1.82
2021-12-14,,1.44,0.77,,,,1.82
2021-12-15,,1.47,0.78,,,,1.83
2021-12-16,,1.44,0.8,,,,1.87
2021-12-17,,1.41,0.75,,,,1.87
2021-12-20,,1.43,0.78,,,,1.89
2021-12-21,,1.48,0.78,,,,1.88
2021-12-22,,1.46,0.78,,,,1.86
2021-12-23,,1.5,0.79,,,,1.86
2021-12-24,,,,,,,
2021-12-27,,1.48,0.72,,,,1.86
2021-12-28,,1.49,0.75,,,,1.86
2021-12-29,,1.55,0.8,,,,1.85
2021-12-30,,1.52,0.79,,,,1.85
2021-12-31,,1.52,0.79,,,,
2022-01-01,0.08,,,282.542,4.0,67.2,
2022-01-03,,1.63,0.85,,,,1.82
2022-01-04,,1.66,0.89,,,,1.84
2022-01-05,,1.71,0.88,,,,1.8
2022-01-06,,1.73,0.85,,,,1.78
2022-01-07,,1.76,0.89,,,,1.78
2022-01-10,,1.78,0.86,,,,1.76
2022-01-11,,1.75,0.85,,,,1.76
2022-01-12,,1.74,0.82,,,,1.77
2022-01-13,,1.7,0.79,,,,1.8
2022-01-14,,1.78,0.79,,,,1.79
2022-01-17,,,,,,,
2022-01-18,,1.87,0.81,,,,1.78
2022-01-19,,1.83,0.79,,,,1.77
2022-01-20,,1.83,0.75,,,,1.79
2022-01-21,,1.75,0.74,,,,1.84
2022-01-24,,1.75,0.76,,,,1.89
2022-01-25,,1.78,0.76,,,,1.91
2022-01-26,,1.85,0.72,,,,1.84
2022-01-27,,1.81,0.63,,,,1.86
2022-01-28,,1.78,0.63,,,,1.91
2022-01-31,,1.79,0.61,,,,1.93
2022-02-01,0.08,1.81,0.63,284.525,3.9,62.8,1.92
2022-02-02,,1.78,0.62,,,,1.91
2022-02-03,,1.82,0.63,,,,1.92
2022-02-04,,1.93,0.62,,,,1.92
2022-02-07,,1.92,0.62,,,,1.93
2022-02-08,,1.96,0.61,,,,1.91
2022-02-09,,1.94,0.58,,,,1.92
2022-02-10,,2.03,0.42,,,,1.91
2022-02-11,,1.92,0.42,,,,2.0
2022-02-14,,1.98,0.4,,,,2.0
2022-02-15,,2.05,0.47,,,,1.99
2022-02-16,,2.03,0.51,,,,2.05
2022-02-17,,1.97,0.48,,,,2.12
2022-02-18,,1.92,0.45,,,,2.13
2022-02-21,,,,,,,
2022-02-22,,1.94,0.38,,,,2.13
2022-02-23,,1.99,0.41,,,,2.1
2022-02-24,,1.96,0.42,,,,2.24
2022-02-25,,1.97,0.42,,,,2.2
2022-02-28,,1.83,0.39,,,,2.34
2022-03-01,0.2,1.72,0.41,287.467,3.7,59.4,2.25
2022-03-02,,1.86,0.36,,,,2.24
2022-03-03,,1.86,0.33,,,,2.24
2022-03-04,,1.74,0.24,,,,2.31
2022-03-07,,1.78,0.23,,,,2.32
2022-03-08,,1.86,0.23,,,,2.35
2022-03-09,,1.94,0.26,,,,2.32
2022-03-10,,1.98,0.26,,,,2.38
2022-03-11,,2.0,0.25,,,,2.35
2022-03-14,,2.14,0.27,,,,2.33
2022-03-15,,2.15,0.3,,,,2.36
2022-03-16,,2.19,0.24,,,,2.23
2022-03-17,,2.2,0.26,,,,2.17
2022-03-18,,2.14,0.17,,,,2.14
2022-03-21,,2.32,0.18,,,,2.07
2022-03-22,,2.38,0.2,,,,2.05
2022-03-23,,2.32,0.19,,,,2.03
2022-03-24,,2.34,0.21,,,,2.01
2022-03-25,,2.48,0.18,,,,1.96
2022-03-28,,2.46,0.11,,,,1.94
2022-03-29,,2.41,0.06,,,,1.91
2022-03-30,,2.35,0.04,,,,1.93
2022-03-31,,2.32,0.04,,,,1.93
2022-04-01,0.33,2.39,-0.05,288.582,3.7,65.2,1.81
2022-04-04,,2.42,-0.01,,,,1.81
2022-04-05,,2.54,0.03,,,,1.77
2022-04-06,,2.61,0.11,,,,1.77
2022-04-07,,2.66,0.19,,,,1.78
2022-04-08,,2.72,0.19,,,,1.78
2022-04-11,,2.79,0.29,,,,1.82
2022-04-12,,2.72,0.33,,,,1.92
2022-04-13,,2.7,0.33,,,,1.94
2022-04-14,,2.83,0.36,,,,1.93
2022-04-15,,,,,,,
2022-04-18,,2.85,0.39,,,,1.94
2022-04-19,,2.93,0.32,,,,1.91
2022-04-20,,2.85,0.25,,,,1.91
2022-04-21,,2.9,0.22,,,,1.93
2022-04-22,,2.9,0.18,,,,1.96
2022-04-25,,2.81,0.18,,,,2.03
2022-04-26,,2.77,0.23,,,,2.06
2022-04-27,,2.82,0.24,,,,2.05
2022-04-28,,2.85,0.22,,,,2.06
2022-04-29,,2.89,0.19,,,,2.05
2022-05-01,0.77,,,291.299,3.6,58.4,
2022-05-02,,2.99,0.26,,,,2.08
2022-05-03,,2.97,0.19,,,,2.05
2022-05-04,,2.93,0.27,,,,2.08
2022-05-05,,3.05,0.34,,,,2.1
2022-05-06,,3.12,0.4,,,,2.09
2022-05-09,,3.05,0.44,,,,2.17
2022-05-10,,2.99,0.37,,,,2.16
2022-05-11,,2.91,0.25,,,,2.17
2022-05-12,,2.84,0.28,,,,2.2
2022-05-13,,2.93,0.32,,,,2.24
2022-05-16,,2.88,0.3,,,,2.29
2022-05-17,,2.98,0.27,,,,2.27
2022-05-18,,2.89,0.21,,,,2.31
2022-05-19,,2.84,0.21,,,,2.37
2022-05-20,,2.78,0.18,,,,2.36
2022-05-23,,2.86,0.21,,,,2.33
2022-05-24,,2.76,0.26,,,,2.34
2022-05-25,,2.75,0.27,,,,2.29
2022-05-26,,2.75,0.29,,,,2.25
2022-05-27,,2.74,0.27,,,,2.26
2022-05-30,,,,,,,
2022-05-31,,2.85,0.32,,,,2.18
2022-06-01,1.21,2.94,0.28,295.072,3.6,50.0,2.08
2022-06-02,,2.92,0.27,,,,2.1
2022-06-03,,2.96,0.3,,,,2.09
2022-06-06,,3.04,0.31,,,,2.08
2022-06-07,,2.98,0.23,,,,2.07
2022-06-08,,3.03,0.25,,,,2.07
2022-06-09,,3.04,0.21,,,,2.07
2022-06-10,,3.15,0.09,,,,2.04
2022-06-13,,3.43,0.03,,,,1.98
2022-06-14,,3.49,0.04,,,,1.99
2022-06-15,,3.33,0.13,,,,2.1
2022-06-16,,3.28,0.14,,,,2.13
2022-06-17,,3.25,0.08,,,,2.13
2022-06-20,,,,,,,
2022-06-21,,3.31,0.1,,,,2.13
2022-06-22,,3.16,0.1,,,,2.17
2022-06-23,,3.09,0.08,,,,2.2
2022-06-24,,3.13,0.09,,,,2.22
2022-06-27,,3.2,0.12,,,,2.19
2022-06-28,,3.2,0.1,,,,2.22
2022-06-29,,3.1,0.04,,,,2.24
2022-06-30,,2.98,0.06,,,,2.31
2022-07-01,1.68,2.88,0.04,294.94,3.5,51.5,2.42
2022-07-04,,,,,,,
2022-07-05,,2.82,0.0,,,,2.41
2022-07-06,,2.93,-0.04,,,,2.39
2022-07-07,,3.01,-0.02,,,,2.33
2022-07-08,,3.09,-0.03,,,,2.31
2022-07-11,,2.99,-0.08,,,,2.32
2022-07-12,,2.96,-0.07,,,,2.31
2022-07-13,,2.91,-0.22,,,,2.32
2022-07-14,,2.96,-0.19,,,,2.31
2022-07-15,,2.93,-0.2,,,,2.3
2022-07-18,,2.96,-0.19,,,,2.28
2022-07-19,,3.01,-0.22,,,,2.26
2022-07-20,,3.04,-0.21,,,,2.2
2022-07-21,,2.91,-0.19,,,,2.23
2022-07-22,,2.77,-0.21,,,,2.28
2022-07-25,,2.81,-0.19,,,,2.31
2022-07-26,,2.81,-0.21,,,,2.29
2022-07-27,,2.78,-0.18,,,,2.3
2022-07-28,,2.68,-0.17,,,,2.42
2022-07-29,,2.67,-0.22,,,,2.36
2022-08-01,2.33,2.6,-0.3,295.162,3.6,58.2,2.38
2022-08-02,,2.75,-0.31,,,,2.29
2022-08-03,,2.73,-0.37,,,,2.29
2022-08-04,,2.68,-0.35,,,,2.32
2022-08-05,,2.83,-0.41,,,,2.29
2022-08-08,,2.77,-0.44,,,,2.26
2022-08-09,,2.8,-0.48,,,,2.26
2022-08-10,,2.78,-0.45,,,,2.29
2022-08-11,,2.87,-0.36,,,,2.29
2022-08-12,,2.84,-0.41,,,,2.27
2022-08-15,,2.79,-0.41,,,,2.27
2022-08-16,,2.82,-0.43,,,,2.27
2022-08-17,,2.89,-0.39,,,,2.24
2022-08-18,,2.88,-0.34,,,,2.24
2022-08-19,,2.98,-0.27,,,,2.25
2022-08-22,,3.03,-0.29,,,,2.24
2022-08-23,,3.05,-0.24,,,,2.24
2022-08-24,,3.11,-0.25,,,,2.23
2022-08-25,,3.03,-0.32,,,,2.21
2022-08-26,,3.04,-0.33,,,,2.19
2022-08-29,,3.12,-0.3,,,,2.19
2022-08-30,,3.11,-0.35,,,,2.17
2022-08-31,,3.15,-0.3,,,,2.18
2022-09-01,2.56,3.26,-0.25,296.421,3.5,58.6,2.22
2022-09-02,,3.2,-0.2,,,,2.24
2022-09-05,,,,,,,
2022-09-06,,3.33,-0.17,,,,2.27
2022-09-07,,3.27,-0.18,,,,2.24
2022-09-08,,3.29,-0.19,,,,2.25
2022-09-09,,3.33,-0.23,,,,2.2
2022-09-12,,3.37,-0.21,,,,2.2
2022-09-13,,3.42,-0.33,,,,2.18
2022-09-14,,3.41,-0.37,,,,2.15
2022-09-15,,3.45,-0.42,,,,2.12
2022-09-16,,3.45,-0.4,,,,2.18
2022-09-19,,3.49,-0.46,,,,2.15
2022-09-20,,3.57,-0.39,,,,2.13
2022-09-21,,3.51,-0.51,,,,2.12
2022-09-22,,3.7,-0.41,,,,2.08
2022-09-23,,3.69,-0.51,,,,2.09
2022-09-26,,3.88,-0.39,,,,2.01
2022-09-27,,3.97,-0.33,,,,2.08
2022-09-28,,3.72,-0.35,,,,2.25
2022-09-29,,3.76,-0.4,,,,2.27
2022-09-30,,3.83,-0.39,,,,2.24
2022-10-01,3.08,,,297.979,3.6,59.9,
2022-10-03,,3.67,-0.45,,,,2.29
2022-10-04,,3.62,-0.48,,,,2.27
2022-10-05,,3.76,-0.39,,,,2.22
2022-10-06,,3.83,-0.4,,,,2.16
2022-10-07,,3.89,-0.41,,,,2.17
2022-10-10,,,,,,,
2022-10-11,,3.93,-0.37,,,,2.23
2022-10-12,,3.91,-0.37,,,,2.27
2022-10-13,,3.97,-0.5,,,,2.28
2022-10-14,,4.0,-0.48,,,,2.28
2022-10-17,,4.02,-0.43,,,,2.28
2022-10-18,,4.01,-0.42,,,,2.28
2022-10-19,,4.14,-0.41,,,,2.25
2022-10-20,,4.24,-0.38,,,,2.24
2022-10-21,,4.21,-0.28,,,,2.36
2022-10-24,,4.25,-0.25,,,,2.34
2022-10-25,,4.1,-0.32,,,,2.37
2022-10-26,,4.04,-0.35,,,,2.33
2022-10-27,,3.96,-0.34,,,,2.34
2022-10-28,,4.02,-0.39,,,,2.3
2022-10-31,,4.1,-0.41,,,,2.28
2022-11-01,3.78,4.07,-0.47,298.708,3.6,56.7,2.22
2022-11-02,,4.1,-0.51,,,,2.18
2022-11-03,,4.14,-0.57,,,,2.19
2022-11-04,,4.17,-0.49,,,,2.22
2022-11-07,,4.22,-0.5,,,,2.22
2022-11-08,,4.14,-0.53,,,,2.23
2022-11-09,,4.12,-0.49,,,,2.33
2022-11-10,,3.82,-0.52,,,,2.36
2022-11-11,,,,,,,
2022-11-14,,3.88,-0.52,,,,2.27
2022-11-15,,3.8,-0.57,,,,2.23
2022-11-16,,3.67,-0.68,,,,2.24
2022-11-17,,3.77,-0.66,,,,2.18
2022-11-18,,3.82,-0.69,,,,2.13
2022-11-21,,3.83,-0.65,,,,2.08
2022-11-22,,3.76,-0.71,,,,2.07
2022-11-23,,3.71,-0.75,,,,2.02
2022-11-24,,,,,,,
2022-11-25,,3.68,-0.74,,,,2.06
2022-11-28,,3.69,-0.77,,,,2.05
2022-11-29,,3.75,-0.73,,,,2.06
2022-11-30,,3.68,-0.7,,,,2.15
2022-12-01,4.1,3.53,-0.72,298.808,3.5,59.8,2.09
2022-12-02,,3.51,-0.77,,,,2.03
2022-12-05,,3.6,-0.81,,,,1.99
2022-12-06,,3.51,-0.83,,,,1.97
2022-12-07,,3.42,-0.84,,,,1.95
2022-12-08,,3.48,-0.83,,,,1.91
2022-12-09,,3.57,-0.76,,,,1.9
2022-12-12,,3.61,-0.78,,,,1.88
2022-12-13,,3.51,-0.71,,,,1.91
2022-12-14,,3.49,-0.74,,,,1.95
2022-12-15,,3.44,-0.79,,,,1.97
2022-12-16,,3.48,-0.69,,,,1.98
2022-12-19,,3.57,-0.68,,,,1.98
2022-12-20,,3.69,-0.56,,,,1.99
2022-12-21,,3.68,-0.53,,,,2.01
2022-12-22,,3.67,-0.57,,,,1.99
2022-12-23,,3.75,-0.56,,,,2.0
2022-12-26,,,,,,,
2022-12-27,,3.84,-0.48,,,,2.02
2022-12-28,,3.88,-0.43,,,,2.01
2022-12-29,,3.83,-0.51,,,,2.01
2022-12-30,,3.88,-0.53,,,,1.99
2023-01-01,4.33,,,300.456,3.5,64.9,
2023-01-02,,,,,,,
2023-01-03,,3.79,-0.61,,,,2.03
2023-01-04,,3.69,-0.67,,,,2.07
2023-01-05,,3.71,-0.74,,,,2.03
2023-01-06,,3.55,-0.69,,,,2.07
2023-01-09,,3.53,-0.66,,,,2.02
2023-01-10,,3.61,-0.63,,,,2.02
2023-01-11,,3.54,-0.66,,,,1.99
2023-01-12,,3.43,-0.69,,,,1.97
2023-01-13,,3.49,-0.73,,,,1.95
2023-01-16,,,,,,,
2023-01-17,,3.53,-0.65,,,,1.91
2023-01-18,,3.37,-0.69,,,,1.96
2023-01-19,,3.39,-0.7,,,,1.99
2023-01-20,,3.48,-0.66,,,,1.98
2023-01-23,,3.52,-0.69,,,,1.96
2023-01-24,,3.46,-0.66,,,,1.94
2023-01-25,,3.46,-0.65,,,,1.96
2023-01-26,,3.49,-0.68,,,,1.91
2023-01-27,,3.52,-0.67,,,,1.88
2023-01-30,,3.55,-0.7,,,,1.87
2023-01-31,,3.52,-0.69,,,,1.9
2023-02-01,4.57,3.39,-0.7,301.476,3.6,66.9,1.91
2023-02-02,,3.4,-0.69,,,,1.88
2023-02-03,,3.53,-0.77,,,,1.83
2023-02-06,,3.63,-0.81,,,,1.77
2023-02-07,,3.67,-0.8,,,,1.78
2023-02-08,,3.63,-0.82,,,,1.83
2023-02-09,,3.67,-0.81,,,,1.84
2023-02-10,,3.74,-0.76,,,,1.85
2023-02-13,,3.72,-0.8,,,,1.84
2023-02-14,,3.77,-0.83,,,,1.81
2023-02-15,,3.81,-0.81,,,,1.82
2023-02-16,,3.86,-0.76,,,,1.84
2023-02-17,,3.82,-0.78,,,,1.89
2023-02-20,,,,,,,
2023-02-21,,3.95,-0.72,,,,1.87
2023-02-22,,3.93,-0.73,,,,1.85
2023-02-23,,3.88,-0.78,,,,1.86
2023-02-24,,3.95,-0.83,,,,1.86
2023-02-27,,3.92,-0.86,,,,1.87
2023-02-28,,3.92,-0.89,,,,1.9
2023-03-01,4.65,4.01,-0.88,301.643,3.5,62.0,1.84
2023-03-02,,4.08,-0.81,,,,1.82
2023-03-03,,3.97,-0.89,,,,1.79
2023-03-06,,3.98,-0.91,,,,1.79
2023-03-07,,3.97,-1.03,,,,1.79
2023-03-08,,3.98,-1.07,,,,1.79
2023-03-09,,3.93,-0.97,,,,1.85
2023-03-10,,3.7,-0.9,,,,1.96
2023-03-13,,3.55,-0.48,,,,2.14
2023-03-14,,3.64,-0.56,,,,2.11
2023-03-15,,3.51,-0.42,,,,2.22
2023-03-16,,3.56,-0.58,,,,2.16
2023-03-17,,3.39,-0.42,,,,2.21
2023-03-20,,3.47,-0.45,,,,2.19
2023-03-21,,3.59,-0.58,,,,2.11
2023-03-22,,3.48,-0.48,,,,2.16
2023-03-23,,3.38,-0.38,,,,2.26
2023-03-24,,3.38,-0.38,,,,2.24
2023-03-27,,3.53,-0.41,,,,2.19
2023-03-28,,3.55,-0.47,,,,2.19
2023-03-29,,3.57,-0.51,,,,2.15
2023-03-30,,3.55,-0.55,,,,2.11
2023-03-31,,3.48,-0.58,,,,2.11
2023-04-01,4.83,,,302.858,3.4,63.7,
2023-04-03,,3.43,-0.54,,,,2.11
2023-04-04,,3.35,-0.49,,,,2.1
2023-04-05,,3.3,-0.49,,,,2.14
2023-04-06,,3.3,-0.52,,,,2.11
2023-04-07,,3.39,-0.58,,,,
2023-04-10,,3.41,-0.59,,,,2.09
2023-04-11,,3.43,-0.6,,,,2.05
2023-04-12,,3.41,-0.54,,,,2.08
2023-04-13,,3.45,-0.51,,,,2.07
2023-04-14,,3.52,-0.56,,,,2.05
2023-04-17,,3.6,-0.58,,,,2.02
2023-04-18,,3.58,-0.61,,,,2.01
2023-04-19,,3.6,-0.64,,,,2.01
2023-04-20,,3.54,-0.6,,,,2.05
2023-04-21,,3.57,-0.6,,,,2.04
2023-04-24,,3.52,-0.6,,,,2.04
2023-04-25,,3.4,-0.46,,,,2.09
2023-04-26,,3.43,-0.47,,,,2.11
2023-04-27,,3.53,-0.54,,,,2.07
2023-04-28,,3.44,-0.6,,,,2.08
2023-05-01,5.06,3.59,-0.55,303.316,3.6,59.0,2.06
2023-05-02,,3.44,-0.53,,,,2.16
2023-05-03,,3.38,-0.51,,,,2.2
2023-05-04,,3.37,-0.38,,,,2.24
2023-05-05,,3.44,-0.48,,,,2.2
2023-05-08,,3.52,-0.48,,,,2.2
2023-05-09,,3.53,-0.48,,,,2.21
2023-05-10,,3.43,-0.47,,,,2.26
2023-05-11,,3.39,-0.5,,,,2.25
2023-05-12,,3.46,-0.52,,,,2.21
2023-05-15,,3.5,-0.49,,,,2.27
2023-05-16,,3.54,-0.52,,,,2.28
2023-05-17,,3.57,-0.55,,,,2.26
2023-05-18,,3.65,-0.59,,,,2.2
2023-05-19,,3.7,-0.58,,,,2.18
2023-05-22,,3.72,-0.57,,,,2.19
2023-05-23,,3.7,-0.56,,,,2.19
2023-05-24,,3.73,-0.58,,,,2.18
2023-05-25,,3.83,-0.67,,,,2.1
2023-05-26,,3.8,-0.74,,,,2.1
2023-05-29,,,,,,,
2023-05-30,,3.69,-0.77,,,,2.14
2023-05-31,,3.64,-0.76,,,,2.16
2023-06-01,5.08,3.61,-0.72,304.099,3.6,64.2,2.15
2023-06-02,,3.69,-0.81,,,,2.11
2023-06-05,,3.69,-0.77,,,,2.1
2023-06-06,,3.7,-0.81,,,,2.08
2023-06-07,,3.79,-0.77,,,,2.06
2023-06-08,,3.73,-0.79,,,,2.07
2023-06-09,,3.75,-0.84,,,,2.05
2023-06-12,,3.73,-0.82,,,,2.1
2023-06-13,,3.84,-0.83,,,,2.0
2023-06-14,,3.83,-0.91,,,,1.94
2023-06-15,,3.72,-0.9,,,,2.02
2023-06-16,,3.77,-0.93,,,,1.96
2023-06-19,,,,,,,
2023-06-20,,3.74,-0.94,,,,1.95
2023-06-21,,3.72,-0.96,,,,1.96
2023-06-22,,3.8,-0.97,,,,1.94
2023-06-23,,3.74,-0.97,,,,1.96
2023-06-26,,3.72,-0.93,,,,1.98
2023-06-27,,3.77,-0.97,,,,1.94
2023-06-28,,3.71,-1.0,,,,1.96
2023-06-29,,3.85,-1.02,,,,1.92
2023-06-30,,3.81,-1.06,,,,1.88
2023-07-01,5.12,,,304.615,3.5,71.5,
2023-07-03,,3.86,-1.08,,,,1.85
2023-07-04,,,,,,,
2023-07-05,,3.95,-0.99,,,,1.83
2023-07-06,,4.05,-0.94,,,,1.8
2023-07-07,,4.06,-0.88,,,,1.81
2023-07-10,,4.01,-0.84,,,,1.86
2023-07-11,,3.99,-0.89,,,,1.84
2023-07-12,,3.86,-0.86,,,,1.88
2023-07-13,,3.76,-0.83,,,,1.91
2023-07-14,,3.83,-0.91,,,,1.87
2023-07-17,,3.81,-0.93,,,,1.9
2023-07-18,,3.8,-0.94,,,,1.89
2023-07-19,,3.75,-0.99,,,,1.87
2023-07-20,,3.85,-0.95,,,,1.85
2023-07-21,,3.84,-0.98,,,,1.85
2023-07-24,,3.86,-0.95,,,,1.84
2023-07-25,,3.91,-0.94,,,,1.81
2023-07-26,,3.86,-0.96,,,,1.83
2023-07-27,,4.01,-0.9,,,,1.78
2023-07-28,,3.96,-0.91,,,,1.8
2023-07-31,,3.97,-0.91,,,,1.77
2023-08-01,5.33,4.05,-0.87,306.138,3.7,69.4,1.77
2023-08-02,,4.08,-0.8,,,,1.82
2023-08-03,,4.2,-0.7,,,,1.84
2023-08-04,,4.05,-0.73,,,,1.9
2023-08-07,,4.09,-0.67,,,,1.9
2023-08-08,,4.02,-0.72,,,,1.93
2023-08-09,,4.0,-0.79,,,,1.92
2023-08-10,,4.09,-0.73,,,,1.89
2023-08-11,,4.16,-0.73,,,,1.87
2023-08-14,,4.19,-0.77,,,,1.84
2023-08-15,,4.21,-0.71,,,,1.86
2023-08-16,,4.28,-0.69,,,,1.84
2023-08-17,,4.3,-0.64,,,,1.87
2023-08-18,,4.26,-0.66,,,,1.89
2023-08-21,,4.34,-0.63,,,,1.88
2023-08-22,,4.34,-0.68,,,,1.82
2023-08-23,,4.19,-0.76,,,,1.83
2023-08-24,,4.23,-0.75,,,,1.8
2023-08-25,,4.25,-0.78,,,,1.76
2023-08-28,,4.2,-0.78,,,,1.82
2023-08-29,,4.12,-0.75,,,,1.84
2023-08-30,,4.12,-0.78,,,,1.82
2023-08-31,,4.09,-0.76,,,,1.83
2023-09-01,5.33,4.18,-0.69,307.374,3.7,67.8,1.82
2023-09-04,,,,,,,
2023-09-05,,4.27,-0.67,,,,1.84
2023-09-06,,4.3,-0.71,,,,1.79
2023-09-07,,4.27,-0.67,,,,1.81
2023-09-08,,4.26,-0.72,,,,1.79
2023-09-11,,4.29,-0.68,,,,1.8
2023-09-12,,4.27,-0.71,,,,1.79
2023-09-13,,4.25,-0.71,,,,1.81
2023-09-14,,4.29,-0.71,,,,1.8
2023-09-15,,4.33,-0.69,,,,1.78
2023-09-18,,4.32,-0.73,,,,1.77
2023-09-19,,4.37,-0.71,,,,1.75
2023-09-20,,4.35,-0.77,,,,1.73
2023-09-21,,4.49,-0.63,,,,1.66
2023-09-22,,4.44,-0.66,,,,1.73
2023-09-25,,4.55,-0.54,,,,1.75
2023-09-26,,4.56,-0.48,,,,1.77
2023-09-27,,4.61,-0.49,,,,1.77
2023-09-28,,4.59,-0.45,,,,1.8
2023-09-29,,4.59,-0.44,,,,1.78
2023-10-01,5.33,,,307.653,3.9,63.8,
2023-10-02,,4.69,-0.43,,,,1.78
2023-10-03,,4.81,-0.34,,,,1.82
2023-10-04,,4.73,-0.32,,,,1.83
2023-10-05,,4.72,-0.31,,,,1.85
2023-10-06,,4.78,-0.3,,,,1.84
2023-10-09,,,,,,,
2023-10-10,,4.66,-0.3,,,,1.83
2023-10-11,,4.58,-0.41,,,,1.82
2023-10-12,,4.7,-0.36,,,,1.83
2023-10-13,,4.63,-0.41,,,,1.82
2023-10-16,,4.71,-0.38,,,,1.83
2023-10-17,,4.83,-0.36,,,,1.8
2023-10-18,,4.91,-0.28,,,,1.78
2023-10-19,,4.98,-0.16,,,,1.82
2023-10-20,,4.93,-0.14,,,,1.88
2023-10-23,,4.86,-0.19,,,,1.85
2023-10-24,,4.83,-0.19,,,,1.84
2023-10-25,,4.95,-0.13,,,,1.83
2023-10-26,,4.86,-0.16,,,,1.82
2023-10-27,,4.84,-0.15,,,,1.88
2023-10-30,,4.88,-0.15,,,,1.86
2023-10-31,,4.88,-0.19,,,,1.85
2023-11-01,5.33,4.77,-0.18,308.087,3.7,61.3,1.91
2023-11-02,,4.67,-0.31,,,,1.84
2023-11-03,,4.57,-0.26,,,,1.86
2023-11-06,,4.67,-0.26,,,,1.84
2023-11-07,,4.58,-0.33,,,,1.83
2023-11-08,,4.49,-0.44,,,,1.84
2023-11-09,,4.62,-0.41,,,,1.83
2023-11-10,,4.61,-0.43,,,,1.8
2023-11-13,,4.63,-0.39,,,,1.79
2023-11-14,,4.44,-0.36,,,,1.83
2023-11-15,,4.53,-0.37,,,,1.8
2023-11-16,,4.45,-0.38,,,,1.81
2023-11-17,,4.44,-0.44,,,,1.78
2023-11-20,,4.42,-0.47,,,,1.76
2023-11-21,,4.41,-0.45,,,,1.77
2023-11-22,,4.42,-0.47,,,,1.71
2023-11-23,,,,,,,
2023-11-24,,4.47,-0.45,,,,1.72
2023-11-27,,4.39,-0.45,,,,1.71
2023-11-28,,4.34,-0.39,,,,1.75
2023-11-29,,4.27,-0.37,,,,1.72
2023-11-30,,4.37,-0.36,,,,1.67
2023-12-01,5.33,4.22,-0.34,308.735,3.8,69.7,1.71
2023-12-04,,4.28,-0.36,,,,1.67
2023-12-05,,4.18,-0.39,,,,1.65
2023-12-06,,4.12,-0.48,,,,1.63
2023-12-07,,4.14,-0.44,,,,1.63
2023-12-08,,4.23,-0.48,,,,1.61
2023-12-11,,4.23,-0.48,,,,1.61
2023-12-12,,4.2,-0.53,,,,1.6
2023-12-13,,4.04,-0.42,,,,1.61
2023-12-14,,3.92,-0.45,,,,1.57
2023-12-15,,3.91,-0.53,,,,1.57
2023-12-18,,3.95,-0.48,,,,1.58
2023-12-19,,3.93,-0.48,,,,1.57
2023-12-20,,3.86,-0.48,,,,1.63
2023-12-21,,3.89,-0.44,,,,1.64
2023-12-22,,3.9,-0.41,,,,1.65
2023-12-25,,,,,,,
2023-12-26,,3.89,-0.37,,,,1.64
2023-12-27,,3.79,-0.41,,,,1.64
2023-12-28,,3.84,-0.42,,,,1.62
2023-12-29,,3.88,-0.35,,,,1.61
2024-01-01,5.33,,,309.794,3.7,79.0,
2024-01-02,,3.95,-0.38,,,,1.62
2024-01-03,,3.91,-0.42,,,,1.66
2024-01-04,,3.99,-0.39,,,,1.65
2024-01-05,,4.05,-0.35,,,,1.65
2024-01-08,,4.01,-0.35,,,,1.65
2024-01-09,,4.02,-0.34,,,,1.63
2024-01-10,,4.04,-0.33,,,,1.59
2024-01-11,,3.98,-0.28,,,,1.63
2024-01-12,,3.96,-0.18,,,,1.64
2024-01-15,,,,,,,
2024-01-16,,4.07,-0.15,,,,1.65
2024-01-17,,4.1,-0.24,,,,1.63
2024-01-18,,4.14,-0.2,,,,1.62
2024-01-19,,4.15,-0.24,,,,1.59
2024-01-22,,4.11,-0.26,,,,1.59
2024-01-23,,4.14,-0.17,,,,1.62
2024-01-24,,4.18,-0.16,,,,1.61
2024-01-25,,4.14,-0.14,,,,1.6
2024-01-26,,4.15,-0.19,,,,1.58
2024-01-29,,4.08,-0.21,,,,1.6
2024-01-30,,4.06,-0.3,,,,1.58
2024-01-31,,3.99,-0.28,,,,1.61
2024-02-01,5.33,3.87,-0.33,311.022,3.9,76.9,1.63
2024-02-02,,4.03,-0.33,,,,1.59
2024-02-05,,4.17,-0.29,,,,1.56
2024-02-06,,4.09,-0.3,,,,1.58
2024-02-07,,4.09,-0.32,,,,1.6
2024-02-08,,4.15,-0.31,,,,1.6
2024-02-09,,4.17,-0.31,,,,1.59
2024-02-12,,4.17,-0.29,,,,1.58
2024-02-13,,4.31,-0.33,,,,1.54
2024-02-14,,4.27,-0.29,,,,1.56
2024-02-15,,4.24,-0.32,,,,1.57
2024-02-16,,4.3,-0.34,,,,1.53
2024-02-19,,,,,,,
2024-02-20,,4.27,-0.32,,,,1.56
2024-02-21,,4.32,-0.32,,,,1.54
2024-02-22,,4.33,-0.36,,,,1.49
2024-02-23,,4.26,-0.41,,,,1.49
2024-02-26,,4.28,-0.41,,,,1.53
2024-02-27,,4.31,-0.39,,,,1.53
2024-02-28,,4.27,-0.37,,,,1.55
2024-02-29,,4.25,-0.39,,,,1.55
2024-03-01,5.33,4.19,-0.35,312.107,3.9,79.4,1.57
2024-03-04,,4.22,-0.39,,,,1.57
2024-03-05,,4.13,-0.41,,,,1.59
2024-03-06,,4.11,-0.44,,,,1.57
2024-03-07,,4.09,-0.41,,,,1.59
2024-03-08,,4.09,-0.39,,,,1.59
2024-03-11,,4.1,-0.41,,,,1.59
2024-03-12,,4.16,-0.42,,,,1.55
2024-03-13,,4.19,-0.42,,,,1.55
2024-03-14,,4.29,-0.39,,,,1.53
2024-03-15,,4.31,-0.41,,,,1.49
2024-03-18,,4.34,-0.39,,,,1.49
2024-03-19,,4.3,-0.38,,,,1.5
2024-03-20,,4.27,-0.32,,,,1.56
2024-03-21,,4.27,-0.35,,,,1.53
2024-03-22,,4.22,-0.37,,,,1.53
2024-03-25,,4.25,-0.29,,,,1.53
2024-03-26,,4.24,-0.32,,,,1.53
2024-03-27,,4.2,-0.34,,,,1.54
2024-03-28,,4.2,-0.39,,,,1.5
2024-03-29,,,,,,,
2024-04-01,5.33,4.33,-0.39,313.016,3.9,77.2,1.49
2024-04-02,,4.36,-0.34,,,,1.51
2024-04-03,,4.36,-0.32,,,,1.49
2024-04-04,,4.31,-0.34,,,,1.51
2024-04-05,,4.39,-0.34,,,,1.49
2024-04-08,,4.42,-0.36,,,,1.46
2024-04-09,,4.36,-0.38,,,,1.44
2024-04-10,,4.55,-0.42,,,,1.4
2024-04-11,,4.56,-0.37,,,,1.41
2024-04-12,,4.5,-0.38,,,,1.45
2024-04-15,,4.63,-0.3,,,,1.46
2024-04-16,,4.67,-0.3,,,,1.46
2024-04-17,,4.59,-0.34,,,,1.48
2024-04-18,,4.64,-0.34,,,,1.47
2024-04-19,,4.62,-0.35,,,,1.46
2024-04-22,,4.62,-0.35,,,,1.46
2024-04-23,,4.61,-0.25,,,,1.46
2024-04-24,,4.65,-0.24,,,,1.48
2024-04-25,,4.7,-0.26,,,,1.47
2024-04-26,,4.67,-0.29,,,,1.45
2024-04-29,,4.63,-0.34,,,,1.45
2024-04-30,,4.69,-0.35,,,,1.44
2024-05-01,5.33,4.63,-0.33,313.14,3.9,69.1,1.43
2024-05-02,,4.58,-0.29,,,,1.47
2024-05-03,,4.5,-0.31,,,,1.49
2024-05-06,,4.49,-0.33,,,,1.47
2024-05-07,,4.47,-0.35,,,,1.45
2024-05-08,,4.48,-0.36,,,,1.47
2024-05-09,,4.45,-0.35,,,,1.48
2024-05-10,,4.5,-0.37,,,,1.48
2024-05-13,,4.48,-0.37,,,,1.48
2024-05-14,,4.45,-0.36,,,,1.48
2024-05-15,,4.36,-0.37,,,,1.49
2024-05-16,,4.38,-0.4,,,,1.47
2024-05-17,,4.42,-0.41,,,,1.48
2024-05-20,,4.44,-0.38,,,,1.47
2024-05-21,,4.41,-0.41,,,,1.48
2024-05-22,,4.43,-0.43,,,,1.46
2024-05-23,,4.47,-0.44,,,,1.45
2024-05-24,,4.46,-0.47,,,,1.46
2024-05-27,,,,,,,
2024-05-28,,4.54,-0.4,,,,1.45
2024-05-29,,4.61,-0.35,,,,1.47
2024-05-30,,4.55,-0.37,,,,1.46
2024-05-31,,4.51,-0.38,,,,1.46
2024-06-01,5.33,,,313.131,4.1,68.2,
2024-06-03,,4.41,-0.41,,,,1.47
2024-06-04,,4.33,-0.44,,,,1.49
2024-06-05,,4.29,-0.43,,,,1.53
2024-06-06,,4.28,-0.44,,,,1.5
2024-06-07,,4.43,-0.44,,,,1.46
2024-06-10,,4.47,-0.4,,,,1.46
2024-06-11,,4.39,-0.42,,,,1.48
2024-06-12,,4.31,-0.44,,,,1.48
2024-06-13,,4.24,-0.44,,,,1.51
2024-06-14,,4.2,-0.47,,,,1.53
2024-06-17,,4.28,-0.47,,,,1.52
2024-06-18,,4.22,-0.47,,,,1.52
2024-06-19,,,,,,,
2024-06-20,,4.25,-0.45,,,,1.54
2024-06-21,,4.25,-0.45,,,,1.55
2024-06-24,,4.25,-0.46,,,,1.53
2024-06-25,,4.23,-0.42,,,,1.55
2024-06-26,,4.32,-0.39,,,,1.55
2024-06-27,,4.29,-0.41,,,,1.55
2024-06-28,,4.36,-0.35,,,,1.55
2024-07-01,5.33,4.48,-0.29,313.566,4.2,66.4,1.55
2024-07-02,,4.43,-0.31,,,,1.56
2024-07-03,,4.36,-0.35,,,,1.53
2024-07-04,,,,,,,
2024-07-05,,4.28,-0.32,,,,1.56
2024-07-08,,4.28,-0.34,,,,1.54
2024-07-09,,4.3,-0.32,,,,1.56
2024-07-10,,4.28,-0.34,,,,1.56
2024-07-11,,4.2,-0.3,,,,1.58
2024-07-12,,4.18,-0.27,,,,1.58
2024-07-15,,4.23,-0.21,,,,1.58
2024-07-16,,4.17,-0.26,,,,1.56
2024-07-17,,4.16,-0.26,,,,1.56
2024-07-18,,4.2,-0.26,,,,1.57
2024-07-19,,4.25,-0.24,,,,1.57
2024-07-22,,4.26,-0.24,,,,1.58
2024-07-23,,4.25,-0.15,,,,1.59
2024-07-24,,4.28,-0.09,,,,1.65
2024-07-25,,4.27,-0.14,,,,1.62
2024-07-26,,4.2,-0.16,,,,1.65
2024-07-29,,4.17,-0.19,,,,1.66
2024-07-30,,4.15,-0.2,,,,1.65
2024-07-31,,4.09,-0.2,,,,1.68
2024-08-01,5.33,3.99,-0.17,314.131,4.2,67.9,1.71
2024-08-02,,3.8,-0.08,,,,1.8
2024-08-05,,3.78,-0.11,,,,1.85
2024-08-06,,3.9,-0.09,,,,1.78
2024-08-07,,3.96,-0.04,,,,1.8
2024-08-08,,3.99,-0.05,,,,1.78
2024-08-09,,3.94,-0.11,,,,1.77
2024-08-12,,3.9,-0.11,,,,1.78
2024-08-13,,3.85,-0.08,,,,1.8
2024-08-14,,3.83,-0.11,,,,1.74
2024-08-15,,3.92,-0.16,,,,1.68
2024-08-16,,3.89,-0.17,,,,1.69
2024-08-19,,3.86,-0.2,,,,1.68
2024-08-20,,3.82,-0.17,,,,1.69
2024-08-21,,3.79,-0.13,,,,1.69
2024-08-22,,3.86,-0.13,,,,1.7
2024-08-23,,3.81,-0.09,,,,1.7
2024-08-26,,3.82,-0.09,,,,1.7
2024-08-27,,3.83,0.0,,,,1.71
2024-08-28,,3.84,0.01,,,,1.71
2024-08-29,,3.87,0.0,,,,1.69
2024-08-30,,3.91,0.0,,,,1.69
2024-09-01,5.13,,,314.851,4.1,70.1,
2024-09-02,,,,,,,
2024-09-03,,3.84,-0.04,,,,1.73
2024-09-04,,3.77,0.01,,,,1.73
2024-09-05,,3.73,-0.02,,,,1.73
2024-09-06,,3.72,0.06,,,,1.73
2024-09-09,,3.7,0.02,,,,1.73
2024-09-10,,3.65,0.06,,,,1.74
2024-09-11,,3.65,0.03,,,,1.75
2024-09-12,,3.68,0.04,,,,1.74
2024-09-13,,3.66,0.09,,,,1.72
2024-09-16,,3.63,0.07,,,,1.7
2024-09-17,,3.65,0.06,,,,1.68
2024-09-18,,3.7,0.09,,,,1.67
2024-09-19,,3.73,0.14,,,,1.67
2024-09-20,,3.73,0.18,,,,1.67
2024-09-23,,3.75,0.18,,,,1.65
2024-09-24,,3.74,0.25,,,,1.66
2024-09-25,,3.79,0.26,,,,1.65
2024-09-26,,3.79,0.19,,,,1.65
2024-09-27,,3.75,0.2,,,,1.66
2024-09-30,,3.81,0.15,,,,1.63
2024-10-01,4.83,3.74,0.13,315.564,4.1,70.5,1.65
2024-10-02,,3.79,0.16,,,,1.64
2024-10-03,,3.85,0.15,,,,1.62
2024-10-04,,3.98,0.05,,,,1.57
2024-10-07,,4.03,0.04,,,,1.54
2024-10-08,,4.04,0.06,,,,1.55
2024-10-09,,4.06,0.07,,,,1.54
2024-10-10,,4.09,0.11,,,,1.54
2024-10-11,,4.08,0.13,,,,1.54
2024-10-14,,,,,,,
2024-10-15,,4.03,0.08,,,,1.53
2024-10-16,,4.02,0.09,,,,1.51
2024-10-17,,4.09,0.13,,,,1.53
2024-10-18,,4.08,0.13,,,,1.53
2024-10-21,,4.19,0.17,,,,1.54
2024-10-22,,4.2,0.17,,,,1.55
2024-10-23,,4.24,0.17,,,,1.54
2024-10-24,,4.21,0.14,,,,1.52
2024-10-25,,4.25,0.14,,,,1.51
2024-10-28,,4.28,0.16,,,,1.51
2024-10-29,,4.28,0.17,,,,1.49
2024-10-30,,4.29,0.14,,,,1.44
2024-10-31,,4.28,0.12,,,,1.46
2024-11-01,4.64,4.37,0.16,316.449,4.2,71.8,1.46
2024-11-04,,4.31,0.14,,,,1.46
2024-11-05,,4.26,0.07,,,,1.45
2024-11-06,,4.42,0.15,,,,1.4
2024-11-07,,4.31,0.1,,,,1.44
2024-11-08,,4.3,0.04,,,,1.38
2024-11-11,,,,,,,
2024-11-12,,4.43,0.09,,,,1.36
2024-11-13,,4.44,0.17,,,,1.41
2024-11-14,,4.43,0.09,,,,1.39
2024-11-15,,4.43,0.12,,,,1.41
2024-11-18,,4.42,0.13,,,,1.42
2024-11-19,,4.39,0.12,,,,1.42
2024-11-20,,4.41,0.1,,,,1.43
2024-11-21,,4.43,0.09,,,,1.43
2024-11-22,,4.41,0.04,,,,1.43
2024-11-25,,4.27,0.06,,,,1.42
2024-11-26,,4.3,0.09,,,,1.43
2024-11-27,,4.25,0.06,,,,1.43
2024-11-28,,,,,,,
2024-11-29,,4.18,0.05,,,,1.44
2024-12-01,4.48,,,317.603,4.1,74.0,
2024-12-02,,4.19,0.02,,,,1.41
2024-12-03,,4.23,0.06,,,,1.4
2024-12-04,,4.19,0.06,,,,1.39
2024-12-05,,4.17,0.02,,,,1.4
2024-12-06,,4.15,0.05,,,,1.42
2024-12-09,,4.2,0.07,,,,1.42
2024-12-10,,4.22,0.07,,,,1.41
2024-12-11,,4.26,0.11,,,,1.42
2024-12-12,,4.32,0.14,,,,1.44
2024-12-13,,4.4,0.15,,,,1.42
2024-12-16,,4.39,0.14,,,,1.42
2024-12-17,,4.4,0.15,,,,1.39
2024-12-18,,4.5,0.15,,,,1.37
2024-12-19,,4.57,0.25,,,,1.4
2024-12-20,,4.52,0.22,,,,1.43
2024-12-23,,4.59,0.29,,,,1.42
2024-12-24,,4.59,0.3,,,,1.39
2024-12-25,,,,,,,
2024-12-26,,4.58,0.28,,,,1.4
2024-12-27,,4.62,0.31,,,,1.4
2024-12-30,,4.55,0.31,,,,1.43
2024-12-31,,4.58,0.33,,,,1.42
2025-01-01,4.33,,,319.086,4.0,71.7,
2025-01-02,,4.57,0.32,,,,1.45
2025-01-03,,4.6,0.32,,,,1.44
2025-01-06,,4.62,0.34,,,,1.44
2025-01-07,,4.67,0.37,,,,1.47
2025-01-08,,4.67,0.39,,,,1.48
2025-01-09,,4.68,0.41,,,,1.46
2025-01-10,,4.77,0.37,,,,1.42
2025-01-13,,4.79,0.39,,,,1.44
2025-01-14,,4.78,0.41,,,,1.44
2025-01-15,,4.66,0.39,,,,1.44
2025-01-16,,4.61,0.38,,,,1.46
2025-01-17,,4.61,0.34,,,,1.46
2025-01-20,,,,,,,
2025-01-21,,4.57,0.28,,,,1.46
2025-01-22,,4.6,0.31,,,,1.43
2025-01-23,,4.65,0.36,,,,1.43
2025-01-24,,4.63,0.36,,,,1.43
2025-01-27,,4.53,0.36,,,,1.45
2025-01-28,,4.55,0.36,,,,1.45
2025-01-29,,4.55,0.34,,,,1.45
2025-01-30,,4.52,0.34,,,,1.45
2025-01-31,,4.58,0.36,,,,1.45
2025-02-01,4.33,,,319.775,4.2,64.7,
2025-02-03,,4.54,0.28,,,,1.46
2025-02-04,,4.52,0.31,,,,1.46
2025-02-05,,4.43,0.26,,,,1.45
2025-02-06,,4.45,0.24,,,,1.44
2025-02-07,,4.49,0.2,,,,1.45
2025-02-10,,4.51,0.23,,,,1.45
2025-02-11,,4.54,0.25,,,,1.46
2025-02-12,,4.62,0.26,,,,1.45
2025-02-13,,4.52,0.21,,,,1.44
2025-02-14,,4.47,0.21,,,,1.46
2025-02-17,,,,,,,
2025-02-18,,4.55,0.26,,,,1.44
2025-02-19,,4.53,0.25,,,,1.46
2025-02-20,,4.5,0.22,,,,1.47
2025-02-21,,4.42,0.23,,,,1.49
2025-02-24,,4.4,0.27,,,,1.48
2025-02-25,,4.3,0.23,,,,1.5
2025-02-26,,4.25,0.2,,,,1.51
2025-02-27,,4.29,0.22,,,,1.52
2025-02-28,,4.24,0.25,,,,1.57
2025-03-01,4.33,,,319.615,4.2,57.0,
2025-03-03,,4.16,0.2,,,,1.61
2025-03-04,,4.22,0.26,,,,1.61
2025-03-05,,4.28,0.29,,,,1.57
2025-03-06,,4.29,0.33,,,,1.59
2025-03-07,,4.32,0.33,,,,1.61
2025-03-10,,4.22,0.33,,,,1.64
2025-03-11,,4.28,0.34,,,,1.68
2025-03-12,,4.32,0.31,,,,1.65
2025-03-13,,4.27,0.33,,,,1.7
2025-03-14,,4.31,0.29,,,,1.65
2025-03-17,,4.31,0.25,,,,1.63
2025-03-18,,4.29,0.25,,,,1.63
2025-03-19,,4.25,0.26,,,,1.64
2025-03-20,,4.24,0.29,,,,1.64
2025-03-21,,4.25,0.31,,,,1.68
2025-03-24,,4.34,0.3,,,,1.64
2025-03-25,,4.31,0.35,,,,1.66
2025-03-26,,4.35,0.37,,,,1.66
2025-03-27,,4.38,0.41,,,,1.68
2025-03-28,,4.27,0.38,,,,1.73
2025-03-31,,4.23,0.34,,,,1.76
2025-04-01,4.33,4.17,0.3,320.321,4.2,52.2,1.73
2025-04-02,,4.2,0.29,,,,1.73
2025-04-03,,4.06,0.35,,,,1.89
2025-04-04,,4.01,0.33,,,,1.94
2025-04-07,,4.15,0.42,,,,2.02
2025-04-08,,4.26,0.55,,,,2.0
2025-04-09,,4.34,0.43,,,,2.02
2025-04-10,,4.4,0.56,,,,1.97
2025-04-11,,4.48,0.52,,,,1.9
2025-04-14,,4.38,0.54,,,,1.9
2025-04-15,,4.35,0.51,,,,1.9
2025-04-16,,4.29,0.52,,,,1.92
2025-04-17,,4.34,0.53,,,,1.92
2025-04-18,,,,,,,
2025-04-21,,4.42,0.67,,,,1.96
2025-04-22,,4.41,0.65,,,,1.93
2025-04-23,,4.4,0.59,,,,1.86
2025-04-24,,4.32,0.55,,,,1.86
2025-04-25,,4.29,0.55,,,,1.84
2025-04-28,,4.23,0.56,,,,1.87
2025-04-29,,4.19,0.54,,,,1.88
2025-04-30,,4.17,0.57,,,,1.96
2025-05-01,4.33,4.25,0.55,320.58,4.3,52.2,1.95
2025-05-02,,4.33,0.5,,,,1.9
2025-05-05,,4.36,0.53,,,,1.91
2025-05-06,,4.3,0.52,,,,1.95
2025-05-07,,4.26,0.48,,,,1.95
2025-05-08,,4.37,0.47,,,,1.89
2025-05-09,,4.37,0.49,,,,1.89
2025-05-12,,4.45,0.47,,,,1.82
2025-05-13,,4.49,0.47,,,,1.82
2025-05-14,,4.53,0.48,,,,1.8
2025-05-15,,4.45,0.49,,,,1.83
2025-05-16,,4.43,0.45,,,,1.82
2025-05-19,,4.46,0.49,,,,1.84
2025-05-20,,4.48,0.51,,,,1.82
2025-05-21,,4.58,0.58,,,,1.85
2025-05-22,,4.54,0.54,,,,1.87
2025-05-23,,4.51,0.51,,,,1.88
2025-05-26,,,,,,,
2025-05-27,,4.43,0.51,,,,1.84
2025-05-28,,4.47,0.51,,,,1.83
2025-05-29,,4.43,0.51,,,,1.81
2025-05-30,,4.41,0.52,,,,1.84
2025-06-01,4.33,,,321.5,4.1,60.7,
2025-06-02,,4.46,0.52,,,,1.84
2025-06-03,,4.46,0.5,,,,1.81
2025-06-04,,4.37,0.5,,,,1.8
2025-06-05,,4.4,0.48,,,,1.77
2025-06-06,,4.51,0.47,,,,1.73
2025-06-09,,4.49,0.48,,,,1.72
2025-06-10,,4.47,0.46,,,,1.71
2025-06-11,,4.41,0.47,,,,1.74
2025-06-12,,4.36,0.46,,,,1.73
2025-06-13,,4.41,0.45,,,,1.75
2025-06-16,,4.46,0.49,,,,1.74
2025-06-17,,4.39,0.45,,,,1.74
2025-06-18,,4.38,0.44,,,,1.77
2025-06-19,,,,,,,
2025-06-20,,4.38,0.48,,,,1.76
2025-06-23,,4.34,0.5,,,,1.77
2025-06-24,,4.3,0.55,,,,1.78
2025-06-25,,4.29,0.55,,,,1.79
2025-06-26,,4.26,0.56,,,,1.8
2025-06-27,,4.29,0.56,,,,1.79
2025-06-30,,4.24,0.52,,,,1.75
2025-07-01,4.33,4.26,0.48,322.132,4.3,61.7,1.72
2025-07-02,,4.3,0.52,,,,1.7
2025-07-03,,4.35,0.47,,,,1.67
2025-07-04,,,,,,,
2025-07-07,,4.4,0.5,,,,1.71
2025-07-08,,4.42,0.52,,,,1.71
2025-07-09,,4.34,0.48,,,,1.73
2025-07-10,,4.35,0.49,,,,1.7
2025-07-11,,4.43,0.53,,,,1.72
2025-07-14,,4.43,0.53,,,,1.73
2025-07-15,,4.5,0.55,,,,1.7
2025-07-16,,4.46,0.58,,,,1.73
2025-07-17,,4.47,0.56,,,,1.71
2025-07-18,,4.44,0.56,,,,1.73
2025-07-21,,4.38,0.53,,,,1.73
2025-07-22,,4.35,0.52,,,,1.73
2025-07-23,,4.4,0.52,,,,1.71
2025-07-24,,4.43,0.52,,,,1.68
2025-07-25,,4.4,0.49,,,,1.69
2025-07-28,,4.42,0.51,,,,1.69
2025-07-29,,4.34,0.48,,,,1.7
2025-07-30,,4.38,0.44,,,,1.69
2025-07-31,,4.37,0.43,,,,1.67
2025-08-01,4.33,4.23,0.54,323.364,4.3,58.2,1.75
2025-08-04,,4.22,0.53,,,,1.74
2025-08-05,,4.22,0.5,,,,1.72
2025-08-06,,4.22,0.53,,,,1.75
2025-08-07,,4.23,0.51,,,,1.74
2025-08-08,,4.27,0.51,,,,1.74
2025-08-11,,4.27,0.51,,,,1.72
2025-08-12,,4.29,0.57,,,,1.73
2025-08-13,,4.24,0.57,,,,1.71
2025-08-14,,4.29,0.55,,,,1.71
2025-08-15,,4.33,0.58,,,,1.69
2025-08-18,,4.34,0.57,,,,1.7
2025-08-19,,4.3,0.55,,,,1.71
2025-08-20,,4.29,0.55,,,,1.73
2025-08-21,,4.33,0.54,,,,1.72
2025-08-22,,4.26,0.58,,,,1.73
2025-08-25,,4.28,0.55,,,,1.7
2025-08-26,,4.26,0.65,,,,1.75
2025-08-27,,4.24,0.65,,,,1.77
2025-08-28,,4.22,0.6,,,,1.75
2025-08-29,,4.23,0.64,,,,1.8
2025-09-01,4.22,,,324.368,4.4,55.1,
2025-09-02,,4.28,0.62,,,,1.81
2025-09-03,,4.22,0.61,,,,1.78
2025-09-04,,4.17,0.58,,,,1.8
2025-09-05,,4.1,0.59,,,,1.78
2025-09-08,,4.05,0.56,,,,1.76
2025-09-09,,4.08,0.54,,,,1.75
2025-09-10,,4.04,0.5,,,,1.75
2025-09-11,,4.01,0.49,,,,1.74
2025-09-12,,4.06,0.5,,,,1.7
2025-09-15,,4.05,0.51,,,,1.68
2025-09-16,,4.04,0.53,,,,1.69
2025-09-17,,4.06,0.54,,,,1.7
2025-09-18,,4.11,0.54,,,,1.68
2025-09-19,,4.14,0.57,,,,1.68
2025-09-22,,4.15,0.54,,,,1.67
2025-09-23,,4.12,0.59,,,,1.69
2025-09-24,,4.16,0.59,,,,1.68
2025-09-25,,4.18,0.54,,,,1.67
2025-09-26,,4.2,0.57,,,,1.65
2025-09-29,,4.15,0.52,,,,1.64
2025-09-30,,4.16,0.56,,,,1.67
2025-10-01,4.09,4.12,0.57,,,53.6,1.69
2025-10-02,,4.1,0.55,,,,1.68
2025-10-03,,4.13,0.55,,,,1.66
2025-10-06,,4.18,0.58,,,,1.65
2025-10-07,,4.14,0.57,,,,1.67
2025-10-08,,4.13,0.55,,,,1.68
2025-10-09,,4.14,0.54,,,,1.69
2025-10-10,,4.05,0.53,,,,1.72
2025-10-13,,,,,,,
2025-10-14,,4.03,0.55,,,,1.71
2025-10-15,,4.05,0.55,,,,1.68
2025-10-16,,3.99,0.58,,,,1.71
2025-10-17,,4.02,0.56,,,,1.7
2025-10-20,,4.0,0.54,,,,1.68
2025-10-21,,3.98,0.53,,,,1.67
2025-10-22,,3.97,0.52,,,,1.69
2025-10-23,,4.01,0.53,,,,1.66
2025-10-24,,4.02,0.54,,,,1.65
2025-10-27,,4.01,0.53,,,,1.63
2025-10-28,,3.99,0.52,,,,1.65
2025-10-29,,4.08,0.49,,,,1.61
2025-10-30,,4.11,0.5,,,,1.64
2025-10-31,,4.11,0.51,,,,1.69
2025-11-01,3.88,,,325.031,4.5,51.0,
2025-11-03,,4.13,0.53,,,,1.71
2025-11-04,,4.1,0.52,,,,1.72
2025-11-05,,4.17,0.54,,,,1.7
2025-11-06,,4.11,0.54,,,,1.72
2025-11-07,,4.11,0.56,,,,1.75
2025-11-10,,4.13,0.55,,,,1.73
2025-11-11,,,,,,,
2025-11-12,,4.08,0.52,,,,1.75
2025-11-13,,4.11,0.53,,,,1.77
2025-11-14,,4.14,0.52,,,,1.77
2025-11-17,,4.13,0.53,,,,1.77
2025-11-18,,4.12,0.54,,,,1.79
2025-11-19,,4.13,0.55,,,,1.79
2025-11-20,,4.1,0.55,,,,1.8
2025-11-21,,4.06,0.55,,,,1.82
2025-11-24,,4.04,0.58,,,,1.8
2025-11-25,,4.01,0.58,,,,1.79
2025-11-26,,4.0,0.55,,,,1.78
2025-11-27,,,,,,,
2025-11-28,,4.02,0.55,,,,1.78
2025-12-01,3.72,4.09,0.55,326.03,4.4,52.9,1.78
2025-12-02,,4.09,0.58,,,,1.76
2025-12-03,,4.06,0.57,,,,1.77
2025-12-04,,4.11,0.59,,,,1.76
2025-12-05,,4.14,0.58,,,,1.74
2025-12-08,,4.17,0.6,,,,1.73
2025-12-09,,4.18,0.57,,,,1.73
2025-12-10,,4.13,0.59,,,,1.76
2025-12-11,,4.14,0.62,,,,1.73
2025-12-12,,4.19,0.67,,,,1.76
2025-12-15,,4.18,0.67,,,,1.77
2025-12-16,,4.15,0.67,,,,1.78
2025-12-17,,4.16,0.67,,,,1.78
2025-12-18,,4.12,0.66,,,,1.78
2025-12-19,,4.16,0.68,,,,1.76
2025-12-22,,4.17,0.73,,,,1.76
2025-12-23,,4.18,0.7,,,,1.74
2025-12-24,,4.15,0.68,,,,1.73
2025-12-25,,,,,,,
2025-12-26,,4.14,0.68,,,,1.75
2025-12-29,,4.12,0.67,,,,1.76
2025-12-30,,4.14,0.69,,,,1.75
2025-12-31,,4.18,0.71,,,,1.72
2026-01-01,3.64,,,,4.3,,
2026-01-02,,4.19,0.72,,,,1.74
2026-01-05,,4.17,0.71,,,,1.75
2026-01-06,,4.18,0.71,,,,1.74
2026-01-07,,4.15,0.68,,,,1.73
2026-01-08,,4.19,0.7,,,,1.73
2026-01-09,,4.18,0.64,,,,1.7
2026-01-12,,4.19,0.65,,,,1.7
2026-01-13,,4.18,0.65,,,,1.69
2026-01-14,,4.15,0.64,,,,1.68
2026-01-15,,4.17,0.61,,,,1.65
2026-01-16,,4.24,0.65,,,,1.63
2026-01-19,,,,,,,
2026-01-20,,4.3,0.7,,,,1.65
2026-01-21,,4.26,0.66,,,,1.62
2026-01-22,,4.26,0.65,,,,1.59
2026-01-23,,4.24,0.64,,,,1.61
2026-01-26,,4.22,0.66,,,,1.61
2026-01-27,,4.24,0.71,,,,1.61
2026-01-28,,4.26,0.7,,,,1.62
2026-01-29,,4.24,0.71,,,,1.63
2026-01-30,,4.26,0.74,,,,1.62
2026-02-02,,4.29,0.72,,,,1.61
2026-02-03,,4.28,0.71,,,,1.63
2026-02-04,,4.29,0.72,,,,1.64
2026-02-05,,4.21,0.74,,,,1.67
2026-02-06,,4.22,0.72,,,,1.65
2026-02-09,,4.22,0.74,,,,1.64
2026-02-10,,4.16,0.71,,,,1.66
2026-02-11,,,0.66,,,,
